1;BLEND FATTY ACID 1218 DRUM
2;BLEND FATTY ACID 1218 FLEXYBAG
3;BLEND FATTY ACID 1218 ISOTANK
4;BLEND FATTY ACID 1218 IV 34 FLEXYBAG
5;BLEND FATTY ACID 1218 IV 41 FLEXYBAG
6;BLEND FATTY ACID 1218 ALPHA ISOTANK 
7;BLEND FATTY ACID 1618 FLEXYBAG
8;BLEND FATTY ACID 1618 ISOTANK
9;BLEND FATTY ACID 1618 QUAT DRUM
10;BOTTOM DISTILLATE HARD FA 200 L DRUM
11;BOTTOM DISTILLATE HARD FA IBC
12;BOTTOM DISTILLATE HARD FA ISOTANK
13;BOTTOM DISTILLATE HARD FA FLEXYBAG
14;BOTTOM DISTILLATE SOFT FA 200 L DRUM
15;BOTTOM DISTILLATE SOFT FA FLEXYBAG
16;BOTTOM DISTILLATE SOFT FA ISOTANK
17;CAPROIC/CAPRYLIC ACID 200 L DRUM
18;CAPROIC/CAPRYLIC ACID IBC
19;CAPROIC/CAPRYLIC ACID ISOTANK
20;CAPRIC ACID 200 L DRUM
21;CAPRIC ACID IBC
22;CAPRIC ACID ISOTANK
23;CAPRYLIC ACID 200 L DRUM
24;CAPRYLIC ACID 200 L STEEL DRUM
25;CAPRYLIC ACID ISOTANK
26;CAPRYLIC/CAPRIC ACID HS DRUM
27;CAPRYLIC/CAPRIC ACID HS ISOTANK
28;CAPRYLIC/CAPRIC ACID HS MB ISOTANK
29;CAPRYLIC/CAPRIC ACID MB ISOTANK
30;CHIPS OF SODIUM ISETHIONATE
31;DOVE CNFA FLEXYBAG
32;DOVE CNFA ISOTANK
33;GLYCERIN PHARMA GRADE 1000 L IBC
34;GLYCERIN PHARMA GRADE 200 L DRUM
35;GLYCERIN PHARMA GRADE 200 L STEEL DRUM
36;GLYCERIN PHARMA GRADE FLEXYBAG
37;GLYCERIN PHARMA GRADE ISOTANK
38;LAURIC ACID 25 KG BAG
39;LAURIC ACID 25 KG BAG MB
40;LAURIC ACID 25 KG BAG PLAIN
41;LAURIC ACID FLEXYBAG
42;LAURIC ACID ISOTANK
43;LAURIC MYRISTIC ACID FLEXYBAG
44;LAURIC MYRISTIC ACID ISOTANK
45;LIGHT END FLEXYBAG
46;MYRISTIC ACID 25 KG BAG
47;MYRISTIC ACID 25 KG BAG MB
48;MYRISTIC ACID 25 KG BAG PLAIN
49;MYRISTIC ACID ISOTANK
50;SKN DOVE NOODLE GEAR BASE
51;SOAP NOODLE 80/20 25 KG BAG
52;SOAP NOODLE 80/20 25 KG BAG MB
53;SOAP NOODLE 80/20 1000 KG 
54;SOAP NOODLE 80/20 1000 KG MB
55;SOAP NOODLE 80/20 FUSSION MB
56;SOAP NOODLE 85/15 25 KG BAG
57;SOAP NOODLE 85/15 25 KG BAG MB
58;SOAP NOODLE 85/15 1000 KG 
59;SOAP NOODLE 85/15 1000 KG MB
60;SOAP NOODLE SWING
61;UNIOLEO GLYCERIN 99
62;UNIOLEO GLYCERIN 99 200 L STEEL DRUM
63;UNIOLEO GLYCERIN 99 200 L DRUM
64;VEGETABLE SOAP BASE 80/20 25 KG BAG 
65;VEGETABLE SOAP BASE 80/20 25 KG BAG MB
66;VEGETABLE SOAP BASE 80/20 1000 KG
67;VEGETABLE SOAP BASE 80/20 1000 KG MB
